Date,Open,High,Low,Adj Close,Close,Volume
2023-01-13,511.4,520.5,511.4,510.4,518.65,4195766
2023-01-12,509.9,514.5,507.0,508.1,510.4,4129397
2023-01-11,515.95,515.95,505.65,514.45,508.1,3308303
2023-01-10,526.5,526.5,502.7,524.75,514.45,5366443
2023-01-09,523.0,527.5,520.65,519.8,524.75,1841059
2023-01-06,525.85,528.45,514.35,524.75,519.8,3454408
2023-01-05,518.95,525.95,513.55,518.85,524.75,3166328
2023-01-04,532.2,536.75,517.4,530.95,518.85,7145153
2023-01-03,527.5,533.4,523.05,526.5,530.95,3247177
2023-01-02,526.75,530.9,523.0,524.1,526.5,2226882
2022-12-30,525.0,531.9,522.1,522.75,524.1,3361557
2022-12-29,517.2,534.4,504.6,518.4,522.75,7354986
2022-12-28,525.0,527.5,516.45,523.3,518.4,3959786
2022-12-27,520.0,527.3,509.35,514.15,523.3,5808135
2022-12-26,493.95,522.35,489.9,491.25,514.15,8583591
2022-12-23,528.95,531.8,486.0,532.85,491.25,10542194
2022-12-22,543.5,544.6,525.25,539.2,532.85,7913985
2022-12-21,562.0,564.0,532.2,560.1,539.2,6698446
2022-12-20,563.9,565.0,554.1,563.85,560.1,2314297
2022-12-19,556.95,566.35,555.0,556.05,563.85,2341796
2022-12-16,558.0,568.6,553.5,561.2,556.05,4854309
2022-12-15,583.0,584.0,558.75,582.2,561.2,5047769
2022-12-14,585.1,589.5,581.05,584.55,582.2,1682787
2022-12-13,587.0,589.0,583.05,585.05,584.55,2436178
2022-12-12,580.0,587.3,573.4,581.0,585.05,4062852
2022-12-09,593.9,598.0,572.25,587.75,581.0,7795856
2022-12-08,583.95,590.8,581.6,582.0,587.75,2897290
2022-12-07,582.9,588.35,575.1,581.0,582.0,5406859
2022-12-06,572.5,585.0,570.6,573.35,581.0,6009003
2022-12-05,580.85,582.35,571.8,577.95,573.35,5491648
2022-12-02,582.55,584.15,573.4,580.95,577.95,7097523
2022-12-01,573.5,585.0,569.5,570.75,580.95,8400806
2022-11-30,565.9,573.95,560.55,564.95,570.75,6139270
2022-11-29,569.6,574.4,563.75,568.45,564.95,3646853
2022-11-28,564.0,572.5,562.8,564.65,568.45,4078114
2022-11-25,560.4,567.4,556.55,557.85,564.65,4010892
2022-11-24,564.25,565.95,554.55,562.9,557.85,3977412
2022-11-23,567.8,571.0,560.2,565.85,562.9,2782614
2022-11-22,564.0,578.45,560.5,564.05,565.85,7405911
2022-11-21,573.0,573.8,562.7,574.1,564.05,3480076
2022-11-18,574.5,576.0,563.9,574.2,574.1,4114267
2022-11-17,578.0,581.3,570.25,577.2,574.2,3652873
2022-11-16,586.5,593.5,568.2,586.45,577.2,8557056
2022-11-15,583.9,593.0,575.3,580.3,586.45,11897606
2022-11-14,558.9,586.55,557.55,557.55,580.3,9070550
2022-11-11,565.0,566.9,553.85,558.15,557.55,5254274
2022-11-10,563.0,568.4,551.5,564.5,558.15,5700059
2022-11-09,570.0,580.7,561.2,568.1,564.5,10307830
2022-11-07,561.0,573.0,553.15,558.6,568.1,9287441
2022-11-04,540.9,560.3,538.85,539.5,558.6,8028860
2022-11-03,540.0,547.5,538.5,545.0,539.5,3945015
2022-11-02,546.75,549.0,539.3,544.05,545.0,7740170
2022-11-01,535.0,545.6,533.75,532.95,544.05,8669246
2022-10-31,522.45,538.6,521.35,520.1,532.95,8601980
2022-10-28,530.2,530.2,515.65,527.6,520.1,6679582
2022-10-27,515.35,532.6,513.25,513.1,527.6,10067299
2022-10-25,516.2,521.8,511.65,516.9,513.1,5007924
2022-10-24,518.0,521.05,516.0,512.6,516.9,1415497
2022-10-21,518.0,522.9,503.8,517.7,512.6,9693780
2022-10-20,509.0,519.0,507.0,510.7,517.7,5223412
2022-10-19,511.0,519.0,506.7,507.85,510.7,6646701
2022-10-18,523.0,524.2,506.05,520.55,507.85,10116195
2022-10-17,499.0,522.7,497.45,501.85,520.55,9626670
2022-10-14,508.0,512.0,497.5,496.85,501.85,6337662
2022-10-13,505.4,505.4,491.5,505.45,496.85,6212954
2022-10-12,502.75,507.45,484.2,500.2,505.45,11786907
2022-10-11,525.0,526.6,498.3,522.65,500.2,7659702
2022-10-10,517.0,537.95,515.35,521.8,522.65,12806265
2022-10-07,506.8,527.0,499.8,506.9,521.8,9384553
2022-10-06,497.9,513.8,496.15,492.2,506.9,9447220
2022-10-04,502.4,506.4,482.9,488.65,492.2,12515966
2022-10-03,516.1,519.95,471.05,515.6,488.65,14296197
2022-09-30,507.0,523.15,501.0,506.35,515.6,11027478
2022-09-29,509.6,519.0,495.2,500.05,506.35,11297808
2022-09-28,495.0,514.35,491.05,504.35,500.05,12029150
2022-09-27,507.95,524.0,474.0,511.2,504.35,29131156
2022-09-26,537.0,544.0,499.1,539.35,511.2,17756139
2022-09-23,535.0,555.0,535.0,534.05,539.35,17014661
2022-09-22,524.5,548.8,516.1,541.35,534.05,24714675
2022-09-21,572.0,575.8,532.8,574.35,541.35,48990918
2022-09-20,579.0,585.7,567.5,564.9,574.35,43803577
2022-09-19,517.0,572.95,514.0,516.7,564.9,75771183
2022-09-16,530.95,550.0,511.05,538.75,516.7,42869715
2022-09-15,529.0,544.65,509.4,524.6,538.75,37879876
2022-09-14,482.0,533.7,482.0,486.5,524.6,57236617
2022-09-13,483.25,488.65,476.25,475.65,486.5,17846212
2022-09-12,454.6,479.5,440.6,454.7,475.65,27759936
2022-09-09,465.3,484.7,451.85,461.9,454.7,29429693
2022-09-08,453.95,464.0,446.25,448.9,461.9,14949706
2022-09-07,440.05,457.5,436.0,436.5,448.9,28272706
2022-09-06,419.4,441.0,417.5,417.95,436.5,23184248
2022-09-05,417.15,419.65,414.05,415.6,417.95,6074232
2022-09-02,411.45,418.3,405.55,409.8,415.6,8068140
2022-09-01,409.6,413.8,407.65,411.25,409.8,10762759
2022-08-30,406.65,412.85,404.5,403.45,411.25,7851221
2022-08-29,397.0,405.5,395.1,402.85,403.45,7557377
2022-08-26,400.0,406.7,392.2,397.15,402.85,13259855
2022-08-25,404.15,408.3,395.9,404.15,397.15,11274377
2022-08-24,405.45,407.55,398.1,405.45,404.15,15732854
2022-08-23,400.0,414.45,398.0,408.0,405.45,15303452
2022-08-22,418.1,420.25,404.35,420.45,408.0,11430999
2022-08-19,412.0,427.0,410.3,409.6,420.45,25171485
2022-08-18,398.3,414.5,396.5,398.3,409.6,15635959
2022-08-17,398.75,404.95,397.0,396.1,398.3,9431378
2022-08-16,388.9,399.0,385.45,384.8,396.1,11560886
2022-08-12,380.0,388.0,378.85,380.2,384.8,5187959
2022-08-11,382.0,382.0,378.6,380.05,380.2,2409612
2022-08-10,380.0,381.65,378.4,380.2,380.05,4144801
2022-08-08,382.85,382.95,378.85,382.65,380.2,3347503
2022-08-05,381.1,383.05,380.05,381.25,382.65,5063415
2022-08-04,382.0,383.75,378.0,381.75,381.25,6766464
2022-08-03,380.0,382.4,376.5,378.65,381.75,4871595
2022-08-02,375.4,382.8,374.95,375.4,378.65,9280180
2022-08-01,377.0,378.0,374.25,374.8,375.4,2858911
2022-07-29,372.4,376.0,370.0,370.85,374.8,6522804
2022-07-28,372.5,372.5,369.6,370.85,370.85,2711190
2022-07-27,369.25,372.2,368.7,369.95,370.85,2093379
2022-07-26,371.05,371.15,368.55,371.15,369.95,3457867
2022-07-25,372.55,373.5,370.4,372.55,371.15,3224932
2022-07-22,370.0,373.1,368.95,370.75,372.55,3091493
2022-07-21,368.0,371.35,366.25,367.85,370.75,3275734
2022-07-20,369.95,371.95,366.6,370.95,367.85,7381308
2022-07-19,369.3,371.5,369.3,370.7,370.95,1567448
2022-07-18,370.6,372.4,369.6,369.15,370.7,1745124
2022-07-15,368.0,371.3,368.0,369.9,369.15,3856534
2022-07-14,372.8,372.8,368.5,371.2,369.9,2772420
2022-07-13,372.95,373.95,370.3,370.9,371.2,2291028
2022-07-12,368.8,372.85,367.75,369.2,370.9,2870836
2022-07-11,367.1,369.95,366.85,368.45,369.2,3135297
2022-07-08,367.0,369.05,366.0,366.95,368.45,2126285
2022-07-07,369.9,369.9,366.1,368.25,366.95,2378264
2022-07-06,367.0,370.35,366.95,366.65,368.25,2209031
2022-07-05,368.95,371.25,365.6,368.55,366.65,3120800
2022-07-04,366.95,369.9,366.05,367.55,368.55,2275112
2022-07-01,363.95,368.6,362.1,363.0,367.55,2763265
2022-06-30,365.55,365.95,362.1,365.5,363.0,4383329
2022-06-29,364.95,367.5,364.1,366.45,365.5,4586257
2022-06-28,365.85,367.35,363.5,365.15,366.45,4285971
2022-06-27,362.25,365.7,360.5,360.6,365.15,3073581
2022-06-24,362.0,362.0,359.2,358.95,360.6,2713333
2022-06-23,358.4,362.0,358.05,357.95,358.95,2799410
2022-06-22,358.9,358.9,355.5,358.9,357.95,2588905
2022-06-21,358.1,360.95,358.1,357.3,358.9,3693727
2022-06-20,357.5,359.95,356.1,357.35,357.3,2297837
2022-06-17,359.0,361.05,356.65,359.4,357.35,4012167
2022-06-16,363.85,364.15,358.65,361.95,359.4,2940387
2022-06-15,359.9,362.45,359.0,359.55,361.95,4077501
2022-06-14,362.1,363.3,358.0,362.7,359.55,6976071
2022-06-13,363.05,364.95,361.9,365.15,362.7,4509163
2022-06-10,363.25,366.6,363.25,365.3,365.15,3916129
2022-06-09,363.0,368.5,362.5,363.05,365.3,5238450
2022-06-08,363.4,364.55,361.8,363.35,363.05,5020929
2022-06-07,363.6,367.5,361.7,364.9,363.35,5708056
2022-06-06,366.0,369.5,363.85,366.9,364.9,10390245
2022-06-03,375.0,375.35,365.35,373.5,366.9,8010976
2022-06-02,371.4,376.35,370.95,371.65,373.5,5215564
2022-06-01,370.0,373.0,369.15,369.4,371.65,2369910
2022-05-31,371.55,372.8,368.65,371.55,369.4,11507115
2022-05-30,368.5,372.5,366.75,366.3,371.55,5001959
2022-05-27,368.0,368.15,363.75,365.4,366.3,1603075
2022-05-26,362.15,366.3,359.7,361.7,365.4,3900318
2022-05-25,362.4,364.25,360.65,361.45,361.7,2440985
2022-05-24,364.8,365.7,360.45,363.45,361.45,4200025
2022-05-23,365.65,367.3,362.4,363.0,363.45,3889679
2022-05-20,368.0,368.0,362.05,364.0,363.0,4308673
2022-05-19,358.15,364.95,357.25,361.1,364.0,9179791
2022-05-18,369.25,372.6,359.7,368.8,361.1,11887905
2022-05-17,371.0,372.15,364.0,368.0,368.8,9431128
2022-05-16,367.0,377.7,360.35,359.1,368.0,50459752
2022-05-13,378.0,378.55,356.1,373.55,359.1,10195371
2022-05-12,356.85,382.0,349.3,359.05,373.55,7493279
2022-05-11,360.0,365.8,351.2,358.2,359.05,5728451
2022-05-10,368.55,373.9,355.0,366.75,358.2,6322735
2022-05-09,363.35,369.0,359.45,365.4,366.75,3690073
2022-05-06,360.55,372.35,360.55,366.35,365.4,5868878
2022-05-05,371.0,375.35,364.95,368.1,366.35,5794511
2022-05-04,379.55,382.0,364.65,378.15,368.1,5415006
2022-05-02,371.6,380.5,368.75,372.2,378.15,5959678
2022-04-29,384.7,385.5,370.75,383.35,372.2,10529413
2022-04-28,389.9,389.9,380.45,384.55,383.35,7163762
2022-04-27,385.0,387.7,376.25,385.15,384.55,11121579
2022-04-26,382.0,391.0,381.3,376.35,385.15,11192640
2022-04-25,371.8,387.6,370.0,374.2,376.35,12835090
2022-04-22,378.0,381.0,371.05,377.35,374.2,5946333
2022-04-21,378.9,384.35,374.8,371.3,377.35,14385266
2022-04-20,355.0,375.8,355.0,354.25,371.3,13525255
2022-04-19,366.75,370.0,351.0,363.4,354.25,9971239
2022-04-18,369.0,379.65,360.5,369.2,363.4,10936057
2022-04-13,359.95,374.2,359.0,359.65,369.2,17817591
2022-04-12,364.0,371.6,355.75,360.2,359.65,19884358
2022-04-11,338.45,369.5,338.3,337.35,360.2,30662312
2021-06-09,340.0,341.6,332.25,340.35,334.35,2484987
2021-06-08,340.35,341.8,336.4,339.05,340.35,2954871
2021-06-07,333.8,342.8,333.15,332.05,339.05,4163074
2021-06-04,333.8,337.3,331.2,333.95,332.05,1739342
2021-06-03,332.1,336.0,331.4,331.1,333.95,3322366
2021-06-02,324.4,332.4,322.55,324.2,331.1,5346766
2021-06-01,327.0,328.9,323.1,326.8,324.2,2649537
2021-05-31,325.4,328.45,322.5,325.65,326.8,2664186
2021-05-28,330.1,331.4,324.25,330.1,325.65,2648245
2021-05-27,322.0,335.0,319.5,323.1,330.1,12478623
2021-05-26,322.3,325.0,319.4,322.3,323.1,3103367
2021-05-25,326.55,327.1,321.25,326.2,322.3,3511483
2021-05-24,321.45,328.3,319.5,321.45,326.2,4875842
2021-05-21,322.7,324.35,320.25,320.0,321.45,4039119
2021-05-20,319.45,322.0,314.35,317.65,320.0,5608173
2021-05-19,315.5,324.9,315.0,315.65,317.65,10886866
2021-05-18,314.5,316.95,310.1,310.2,315.65,4169602
2021-05-17,307.9,311.7,304.55,307.1,310.2,4763864
2021-05-14,309.1,311.85,300.0,309.05,307.1,4140603
2021-05-12,313.9,314.9,308.05,314.9,309.05,3974894
2021-05-11,307.5,316.9,306.1,311.35,314.9,3809984
2021-05-10,314.2,315.15,310.0,312.25,311.35,4632214
2021-05-07,315.0,317.8,311.1,314.4,312.25,3399984
2021-05-06,313.0,316.2,310.1,311.45,314.4,3861134
2021-05-05,310.9,312.3,307.15,306.95,311.45,2600385
2021-05-04,315.0,315.0,306.2,311.65,306.95,5668182
2021-05-03,304.5,312.8,301.2,309.05,311.65,6232670
2021-04-30,314.0,319.85,306.75,314.05,309.05,19822885
2021-04-29,311.0,315.0,307.25,308.85,314.05,6658734
2021-04-28,308.4,311.25,304.5,306.55,308.85,4312684
2021-04-27,303.95,307.5,302.05,303.35,306.55,3740765
2021-04-26,297.0,304.5,295.25,295.2,303.35,5179998
2021-04-23,293.2,298.8,292.2,295.6,295.2,6813166
2021-04-22,294.9,297.3,285.3,295.7,295.6,7474006
2021-04-20,309.2,313.85,292.45,300.95,295.7,12222234
2021-04-19,295.0,302.25,292.4,300.7,300.95,7452061
2021-04-16,296.95,305.45,295.4,295.2,300.7,5575878
2021-04-15,303.0,306.5,293.0,302.3,295.2,9069002
2021-04-13,305.0,309.05,298.5,304.3,302.3,5975419
2021-04-12,310.9,312.2,299.55,316.35,304.3,10520709
2021-04-09,326.0,329.9,314.3,320.8,316.35,13515479
2021-04-08,310.0,326.9,309.3,308.65,320.8,7223424
2021-04-07,305.7,311.3,305.5,305.5,308.65,2808495
2021-04-06,307.0,309.6,303.3,306.05,305.5,4010075
2021-04-05,310.4,314.9,301.55,311.0,306.05,7064466
2021-04-01,311.85,313.45,307.25,308.85,311.0,4689185
2021-03-31,299.25,310.95,299.0,299.85,308.85,7721201
2021-03-30,296.8,303.5,295.35,294.9,299.85,6089054
2021-03-26,297.65,301.6,293.55,294.1,294.9,7195972
2021-03-25,307.0,307.2,293.0,303.8,294.1,6506272
2021-03-24,302.85,307.5,300.9,304.45,303.8,9936778
2021-03-23,297.2,306.4,293.55,295.6,304.45,11750637
2021-03-22,284.45,297.8,278.0,283.45,295.6,11182565
2021-03-19,278.0,284.6,274.05,281.05,283.45,6753108
2021-03-18,283.0,285.95,277.45,280.85,281.05,4353319
2021-03-17,285.9,287.35,280.0,285.55,280.85,5016639
2021-03-16,284.9,290.0,284.25,283.65,285.55,7122222
2021-03-15,290.9,290.9,279.0,289.5,283.65,4879115
2021-03-12,293.0,293.9,287.5,292.0,289.5,5744777
2021-03-10,292.55,293.8,289.0,291.05,292.0,3837384
2021-03-09,287.8,293.3,285.2,285.75,291.05,6082622
2021-03-08,287.0,291.0,284.2,284.8,285.75,4470385
2021-03-05,291.95,298.3,283.15,292.0,284.8,14706128
2021-03-04,281.5,294.3,278.75,282.1,292.0,10478749
2021-03-03,280.7,285.9,279.55,278.8,282.1,5079575
2021-03-02,278.9,283.4,277.1,277.9,278.8,4657410
2021-03-01,275.55,279.65,273.5,273.5,277.9,4095441
2021-02-26,277.0,288.5,271.5,279.7,273.5,21250569
2021-02-25,271.2,281.6,271.15,268.4,279.7,9436339
2021-02-24,266.0,270.3,265.05,264.7,268.4,3316417
2021-02-23,269.0,270.85,263.15,266.95,264.7,7106597
2021-02-22,275.5,276.9,265.65,275.3,266.95,7287185
2021-02-19,288.5,288.5,273.05,282.8,275.3,18015854
2021-02-18,290.0,290.5,280.8,286.65,282.8,7081013
2021-02-17,285.75,290.4,284.2,284.05,286.65,10058896
2021-02-16,285.9,287.3,280.2,283.4,284.05,6116048
2021-02-15,281.0,285.9,279.0,277.45,283.4,7339663
2021-02-12,275.0,284.9,274.25,276.9,277.45,9937677
2021-02-11,272.2,277.8,271.5,271.9,276.9,5475278
2021-02-10,271.35,277.8,271.0,270.55,271.9,6276033
2021-02-09,276.85,279.45,269.85,274.35,270.55,4725675
2021-02-08,272.5,278.2,272.0,271.3,274.35,5445773
2021-02-05,273.0,275.6,268.55,272.75,271.3,5119967
2021-02-04,268.0,275.0,266.15,268.95,272.75,7803083
2021-02-03,276.1,278.7,268.0,276.25,268.95,8099652
2021-02-02,263.7,279.6,261.1,260.8,276.25,12896237
2021-02-01,246.4,262.0,242.1,243.35,260.8,8108261
2021-01-29,251.75,251.75,241.75,248.0,243.35,9156862
2021-01-28,250.0,250.5,246.0,252.5,248.0,9545181
2021-01-27,256.1,260.5,251.2,257.0,252.5,9165809
2021-01-25,261.4,264.25,254.9,257.7,257.0,9713572
2021-01-22,255.0,259.9,250.9,252.55,257.7,6396348
2021-01-21,263.5,265.35,249.1,262.1,252.55,8233030
2021-01-20,261.0,263.85,257.65,261.95,262.1,4999049
2021-01-19,256.95,262.8,256.3,256.05,261.95,3685114
2021-01-18,264.1,264.55,248.0,264.1,256.05,7230336
2021-01-15,266.4,267.0,259.6,267.05,264.1,5926799
2021-01-14,265.0,270.5,263.15,264.9,267.05,4747011
2021-01-13,268.1,269.4,261.1,268.1,264.9,5267492
2021-01-12,270.0,274.6,266.7,270.35,268.1,5997355
2021-01-11,268.8,271.8,266.0,269.95,270.35,6276642
2021-01-08,265.0,271.4,264.3,263.0,269.95,8135272
2021-01-07,265.0,267.1,261.2,261.1,263.0,7685276
2021-01-06,255.4,262.0,253.25,254.2,261.1,8653520
2021-01-05,252.0,256.65,250.45,252.9,254.2,9383253
2021-01-04,252.9,253.8,250.0,250.85,252.9,4860584
2021-01-01,249.0,251.7,248.15,248.85,250.85,4011077
2020-12-31,252.0,252.7,246.9,252.4,248.85,7969910
2020-12-30,245.5,253.0,241.7,244.4,252.4,10481131
2020-12-29,247.55,248.25,242.5,247.2,244.4,5978220
2020-12-28,247.0,247.85,244.7,246.7,247.2,4547753
2020-12-24,255.0,260.9,245.0,237.2,246.7,24151514
2020-12-23,234.9,238.75,231.5,237.6,237.2,8750579
2020-12-22,235.6,239.15,227.25,235.4,237.6,10098570
2020-12-21,250.9,250.9,225.95,251.05,235.4,12498745
2020-12-18,247.05,252.2,246.5,246.75,251.05,7695230
2020-12-17,248.5,251.5,246.2,247.25,246.75,8321438
2020-12-16,249.1,249.7,245.1,247.6,247.25,7488289
2020-12-15,247.95,248.2,243.1,246.45,247.6,7713444
2020-12-14,247.0,249.0,245.05,245.8,246.45,4162472
2020-12-11,249.5,250.45,243.75,248.3,245.8,7933577
2020-12-10,250.7,251.0,245.2,252.85,248.3,11038230
2020-12-09,258.9,259.6,251.0,257.1,252.85,13190004
2020-12-08,254.5,259.6,253.0,253.1,257.1,9736539
2020-12-07,256.25,256.3,250.55,252.55,253.1,9578732
2020-12-04,262.0,263.0,249.9,261.1,252.55,11266087
2020-12-03,264.5,264.5,259.3,262.5,261.1,5223075
2020-12-02,262.0,264.2,259.2,262.0,262.5,5076458
2020-12-01,262.2,269.55,260.9,261.05,262.0,6262243
2020-11-27,261.4,263.2,257.5,260.75,261.05,10177429
2020-11-26,257.7,262.6,253.55,256.2,260.75,5364946
2020-11-25,255.95,259.2,255.2,255.15,256.2,6671995
2020-11-24,258.2,260.45,254.55,258.15,255.15,4054652
2020-11-23,259.0,262.5,257.5,257.1,258.15,6727698
2020-11-20,259.1,261.9,253.75,258.7,257.1,4879945
2020-11-19,259.85,265.85,256.45,262.0,258.7,7297426
2020-11-18,267.2,267.7,260.65,268.05,262.0,8891945
2020-11-17,261.0,272.0,260.0,259.0,268.05,13207472
2020-11-14,259.9,260.9,258.05,257.7,259.0,489361
2020-11-13,261.5,262.25,255.75,262.85,257.7,7158835
2020-11-12,258.1,264.35,256.2,259.7,262.85,6698839
2020-11-11,251.5,260.9,251.5,249.9,259.7,9322013
2020-11-10,251.0,256.4,248.4,249.3,249.9,8645746
2020-11-09,249.45,252.0,247.1,248.0,249.3,8012202
2020-11-06,257.0,257.0,246.65,255.75,248.0,8457488
2020-11-05,251.85,258.7,251.0,264.4,255.75,12065738
2020-11-04,262.0,265.3,259.65,262.0,264.4,4122454
2020-11-03,262.1,263.05,257.65,260.5,262.0,5173220
2020-11-02,260.0,261.9,257.2,259.7,260.5,6267645
2020-10-30,254.85,265.8,252.4,254.0,259.7,18101783
2020-10-29,250.5,255.0,248.7,251.8,254.0,4794371
2020-10-28,253.85,254.7,250.35,255.85,251.8,4873537
2020-10-27,245.05,257.0,243.65,245.05,255.85,13207219
2020-10-26,248.7,249.0,242.45,247.4,245.05,8116758
2020-10-23,255.5,256.0,245.0,253.6,247.4,15337715
2020-10-22,253.0,255.6,249.5,253.35,253.6,11569824
2020-10-21,251.9,254.3,245.95,251.45,253.35,9478126
2020-10-20,249.9,254.9,247.05,247.6,251.45,20195023
2020-10-19,249.2,249.7,243.4,248.0,247.6,10969208
2020-10-16,243.3,249.0,240.15,243.35,248.0,12591434
2020-10-15,248.0,250.0,240.8,246.6,243.35,8031726
2020-10-14,241.95,248.0,240.15,241.75,246.6,10384793
2020-10-13,237.0,249.35,236.8,238.4,241.75,16150051
2020-10-12,238.0,242.35,233.2,239.35,238.4,6441943
2020-10-09,236.55,240.55,235.0,238.15,239.35,6602985
2020-10-08,234.8,239.95,231.4,234.8,238.15,8142299
2020-10-07,226.0,237.75,225.0,225.3,234.8,16914960
2020-10-06,222.95,227.75,220.1,221.35,225.3,4929361
2020-10-05,221.2,224.2,219.45,221.2,221.35,3259420
2020-10-01,218.5,221.95,217.55,217.0,221.2,3358699
2020-09-30,218.0,218.25,213.9,216.65,217.0,3645700
2020-09-29,214.05,218.5,210.8,211.65,216.65,4723206
2020-09-28,206.6,212.55,205.55,205.5,211.65,2153072
2020-09-25,201.7,206.7,199.0,198.25,205.5,4205656
2020-09-24,206.15,208.2,197.45,209.25,198.25,3309215
2020-09-23,206.4,211.4,204.55,206.8,209.25,4129810
2020-09-22,209.5,210.55,203.0,209.75,206.8,3532428
2020-09-21,220.0,220.25,207.7,220.0,209.75,2412725
2020-09-18,221.75,223.0,217.05,220.3,220.0,3567707
2020-09-17,218.0,222.7,217.4,218.6,220.3,4404688
2020-09-16,217.95,221.0,216.05,217.45,218.6,4891756
2020-09-15,210.95,217.85,210.55,211.1,217.45,3027667
2020-09-14,214.3,217.0,209.8,212.45,211.1,4594264
2020-09-11,212.95,214.5,211.1,212.95,212.45,1841491
2020-09-10,210.8,214.45,207.3,209.45,212.95,2591779
2020-09-09,205.75,210.5,204.3,206.5,209.45,2844517
2020-09-08,210.5,210.5,205.65,210.55,206.5,2070634
2020-09-07,208.5,212.35,206.45,208.5,210.55,4220405
2020-09-04,211.7,212.6,207.0,214.6,208.5,3950171
2020-09-03,218.3,220.0,213.5,217.25,214.6,3292415
2020-09-02,213.25,218.5,211.25,213.0,217.25,3871764
2020-09-01,211.0,214.35,208.4,210.55,213.0,4386376
2020-08-31,222.5,224.1,208.55,222.45,210.55,4230653
2020-08-28,222.1,225.15,220.35,221.35,222.45,4114190
2020-08-27,222.0,223.7,220.2,220.85,221.35,2046039
2020-08-26,223.6,223.6,219.6,222.35,220.85,2595484
2020-08-25,224.6,226.2,221.1,224.2,222.35,1638069
2020-08-24,226.5,227.25,223.15,225.95,224.2,2503510
2020-08-21,226.6,228.7,224.4,225.35,225.95,1700350
2020-08-20,224.8,228.3,224.0,226.95,225.35,1540485
2020-08-19,230.2,231.85,225.7,228.2,226.95,4821016
2020-08-18,219.5,229.2,219.5,219.35,228.2,5469882
2020-08-17,221.75,222.95,218.1,220.75,219.35,2479307
2020-08-14,221.8,224.55,218.85,222.0,220.75,2751124
2020-08-13,222.3,224.85,219.8,221.8,222.0,2238707
2020-08-12,222.5,223.2,219.3,222.75,221.8,2396865
2020-08-11,222.85,229.25,221.35,221.85,222.75,6916437
2020-08-10,221.0,223.5,219.55,219.55,221.85,3306247
2020-08-07,222.0,226.25,218.6,222.95,219.55,4871444
2020-08-06,221.35,224.75,221.1,220.9,222.95,3245608
2020-08-05,221.6,224.15,219.25,221.55,220.9,4115591
2020-08-04,221.1,225.15,220.25,221.15,221.55,4706837
2020-08-03,218.5,225.8,218.5,220.1,221.15,6020129
2020-07-31,221.25,225.5,217.6,221.25,220.1,6638453
2020-07-30,216.0,222.2,213.05,215.6,221.25,5871680
2020-07-29,216.5,219.6,213.75,216.7,215.6,5678086
2020-07-28,206.75,218.85,205.8,207.15,216.7,8290471
2020-07-27,205.9,208.95,202.05,200.95,207.15,11855464
2020-07-24,197.95,202.5,196.5,197.95,200.95,5135305
2020-07-23,201.5,202.25,197.25,200.9,197.95,3302917
2020-07-22,204.95,204.95,199.1,204.95,200.9,3320086
2020-07-21,201.0,208.0,200.0,195.7,204.95,12976657
2020-07-20,195.0,197.0,194.5,193.45,195.7,2204860
2020-07-17,193.1,195.6,191.3,192.5,193.45,3254870
2020-07-16,189.45,193.0,185.7,188.65,192.5,3137669
2020-07-15,192.5,193.25,187.7,190.5,188.65,4521290
2020-07-14,197.85,199.2,190.0,198.45,190.5,4391974
2020-07-13,197.2,199.7,193.75,197.2,198.45,5213446
2020-07-10,202.2,204.35,196.5,202.0,197.2,6643796
2020-07-09,196.4,202.9,195.6,195.55,202.0,8857515
2020-07-08,194.25,196.6,192.8,193.25,195.55,3253882
2020-07-07,194.6,194.6,191.1,193.9,193.25,2551746
2020-07-06,197.75,198.0,193.35,195.8,193.9,2632304
2020-07-03,194.6,196.25,192.05,193.7,195.8,4168369
2020-07-02,192.7,196.4,192.05,192.2,193.7,2693250
2020-07-01,194.15,195.7,190.4,193.6,192.2,2867676
2020-06-30,187.65,194.95,187.65,187.55,193.6,6482253
2020-06-29,188.0,188.65,183.2,188.0,187.55,3555861
2020-06-26,188.0,188.7,186.15,186.25,188.0,3304712
2020-06-25,188.1,191.35,185.35,188.7,186.25,4479141
2020-06-24,194.25,198.2,186.4,193.25,188.7,6600983
2020-06-23,191.8,196.2,191.1,191.1,193.25,4619623
2020-06-22,191.45,193.3,190.55,190.8,191.1,2478247
2020-06-19,188.4,194.0,187.55,187.35,190.8,7723563
2020-06-18,187.2,189.0,185.7,187.15,187.35,3259969
2020-06-17,188.55,191.5,185.35,190.6,187.15,3190009
2020-06-16,192.6,198.4,187.8,191.5,190.6,5481825
2020-06-15,192.85,194.4,190.1,193.7,191.5,1996945
2020-06-12,181.9,194.95,181.65,189.5,193.7,5199081
2020-06-11,191.5,194.25,189.0,192.0,189.5,3397620
2020-06-10,188.1,194.35,188.1,187.8,192.0,4235763
2020-06-09,192.2,195.25,186.85,191.45,187.8,4252087
2020-06-08,198.95,198.95,190.4,195.1,191.45,4469783
2020-06-05,188.0,196.35,186.3,186.75,195.1,7431679
2020-06-04,188.15,189.25,182.05,187.75,186.75,5769947
2020-06-03,193.25,194.0,186.75,191.2,187.75,4719425
2020-06-02,189.5,193.75,188.2,188.95,191.2,4978019
2020-06-01,191.8,195.65,188.3,191.55,188.95,6737201
2020-05-29,191.0,194.9,187.0,191.3,191.55,8514156
2020-05-28,187.25,192.0,185.4,187.45,191.3,3704033
2020-05-27,189.9,189.9,185.1,188.55,187.45,3151133
2020-05-26,187.8,190.0,185.55,186.95,188.55,5800498
2020-05-22,180.0,187.85,177.2,181.0,186.95,6953579
2020-05-21,180.7,183.7,177.5,179.65,181.0,5097416
2020-05-20,174.5,181.55,172.35,174.6,179.65,2833520
2020-05-19,173.9,176.8,170.25,172.15,174.6,3512226
2020-05-18,182.0,182.45,171.0,181.8,172.15,3640919
2020-05-15,184.0,184.7,179.85,182.5,181.8,6194865
2020-05-14,181.2,184.2,178.65,183.0,182.5,2893550
2020-05-13,182.1,191.0,182.0,175.2,183.0,14928663
2020-05-12,173.5,176.3,170.65,173.95,175.2,3911751
2020-05-11,170.15,174.7,170.15,169.35,173.95,4258713
2020-05-08,170.7,172.95,168.75,168.6,169.35,3874980
2020-05-07,167.9,170.8,166.8,167.85,168.6,4497992
2020-05-06,165.6,170.55,164.5,164.8,167.85,7032456
2020-05-05,165.0,168.85,163.75,162.35,164.8,4097025
2020-05-04,167.25,169.8,161.5,171.65,162.35,4949252
2020-04-30,171.2,174.85,170.55,169.5,171.65,4691798
2020-04-29,166.9,170.75,165.65,167.7,169.5,3900474
2020-04-28,179.0,179.0,166.85,172.3,167.7,13325718
2020-04-27,170.4,174.0,168.6,167.95,172.3,4140719
2020-04-24,169.9,171.6,166.2,171.45,167.95,2729060
2020-04-23,178.5,179.5,170.4,176.5,171.45,4629630
2020-04-22,167.4,177.7,166.35,167.55,176.5,5333081
2020-04-21,167.75,169.45,164.1,170.3,167.55,2369603
2020-04-20,175.9,175.9,169.95,172.95,170.3,2682037
2020-04-17,174.0,175.5,169.4,169.7,172.95,3706603
2020-04-16,167.1,174.65,163.85,168.55,169.7,6792496
2020-04-15,167.1,173.95,167.1,165.0,168.55,9909062
2020-04-13,158.95,172.35,157.25,158.8,165.0,12551506
2020-04-09,151.2,160.6,150.75,149.7,158.8,8828432
2020-04-08,158.5,159.5,148.2,159.0,149.7,10421438
2020-04-07,154.0,160.5,153.5,153.0,159.0,6642891
2020-04-03,156.6,156.65,151.55,156.65,153.0,3738943
2020-04-01,155.4,158.4,150.7,155.7,156.65,2690175
2020-03-31,152.0,157.0,146.7,148.25,155.7,3948069
2020-03-30,140.0,154.7,137.4,141.55,148.25,6410821
2020-03-27,148.55,152.0,141.0,144.05,141.55,7706575
2020-03-26,141.25,146.6,136.55,139.35,144.05,14408540
2020-03-25,139.0,144.45,138.0,142.15,139.35,6937627
2020-03-24,145.1,155.8,140.1,145.85,142.15,3874329
2020-03-23,145.0,150.9,139.55,160.4,145.85,4517269
2020-03-20,153.95,168.55,151.4,153.95,160.4,14150719
2020-03-19,154.0,161.15,149.4,159.65,153.95,11032807
2020-03-18,174.4,174.85,158.15,171.4,159.65,5655132
2020-03-17,180.5,181.75,170.1,179.45,171.4,6785874
2020-03-16,180.0,184.05,172.15,187.75,179.45,5362750
2020-03-13,166.0,190.7,152.05,175.5,187.75,3970888
2020-03-12,183.0,183.75,169.1,190.45,175.5,8015858
2020-03-11,194.1,196.45,189.8,193.7,190.45,3553048
2020-03-09,199.8,203.25,191.45,205.1,193.7,3910317
2020-03-06,198.75,206.55,195.4,204.4,205.1,2587514
2020-03-05,208.2,211.9,203.65,208.1,204.4,2414347
2020-03-04,211.35,213.0,204.7,211.15,208.1,3541106
2020-03-04,211.35,213.0,204.7,211.15,208.1,3541106
2020-03-04,211.35,213.0,204.7,211.15,208.1,3541106
2020-03-04,211.35,213.0,204.7,211.15,208.1,3541106
2020-03-03,203.9,212.2,203.65,202.25,211.15,4549626
2020-03-03,203.9,212.2,203.65,202.25,211.15,4549626
2020-03-03,203.9,212.2,203.65,202.25,211.15,4549626
2020-03-03,203.9,212.2,203.65,202.25,211.15,4549626
2020-03-03,203.9,212.2,203.65,202.25,211.15,4549626
2020-03-03,203.9,212.2,203.65,202.25,211.15,4549626
2020-03-03,203.9,212.2,203.65,202.25,211.15,4549626
2020-03-02,208.6,216.55,199.8,205.05,202.25,5187934
2020-02-28,207.75,209.4,203.25,211.6,205.05,7650031
2020-02-27,213.6,215.15,210.5,213.6,211.6,3753324
2020-02-26,211.9,216.05,210.05,211.6,213.6,6034979
2020-02-25,211.0,214.0,209.3,209.9,211.6,6147428
2020-02-24,206.85,212.7,202.0,205.4,209.9,7946307
2020-02-20,204.95,210.25,200.1,205.8,205.4,3826080
2020-02-19,202.25,206.4,201.7,200.85,205.8,1630613
2020-02-19,202.25,206.4,201.7,200.85,205.8,1630613
2020-02-19,202.25,206.4,201.7,200.85,205.8,1630613
2020-02-19,202.25,206.4,201.7,200.85,205.8,1630613
2020-02-19,202.25,206.4,201.7,200.85,205.8,1630613
2020-02-19,202.25,206.4,201.7,200.85,205.8,1630613
2020-02-19,202.25,206.4,201.7,200.85,205.8,1630613
2020-02-18,203.25,203.6,197.75,203.8,200.85,4007197
2020-02-17,205.35,206.35,202.3,205.65,203.8,1397181
2020-02-14,208.4,212.25,205.0,208.55,205.65,3183445
2020-02-13,210.6,211.45,207.9,211.4,208.55,1177002
2020-02-12,212.0,214.0,210.25,212.0,211.4,3036372
2020-02-11,208.1,213.45,208.0,207.1,212.0,4444457
2020-02-10,209.8,210.8,206.15,209.8,207.1,1734578
2020-02-07,207.6,212.0,207.15,207.5,209.8,1957283
2020-02-06,207.25,209.25,204.55,206.4,207.5,3569538
2020-02-05,206.9,208.75,205.2,206.8,206.4,4000586
2020-02-04,202.8,210.0,202.45,200.75,206.8,3761981
2020-02-03,196.05,202.45,196.05,195.35,200.75,4031740
2020-02-01,204.1,207.75,194.0,204.5,195.35,3301796
2020-01-31,210.55,211.75,203.5,209.9,204.5,2906515
2020-01-30,214.15,214.2,208.7,214.05,209.9,2971434
2020-01-29,216.75,218.25,213.25,216.15,214.05,3410299
2020-01-28,215.8,220.25,214.05,215.55,216.15,5093967
2020-01-27,214.6,218.9,214.3,215.95,215.55,2903622
2020-01-24,214.1,216.9,212.6,213.65,215.95,3540793
2020-01-23,210.0,214.95,209.45,210.35,213.65,4656562
2020-01-22,208.9,212.2,208.3,207.6,210.35,3780055
2020-01-21,206.0,209.9,205.7,207.05,207.6,3142796
2020-01-20,211.4,211.75,206.65,210.4,207.05,1743715
2020-01-17,209.65,212.4,208.6,209.75,210.4,1968147
2020-01-16,213.5,214.4,209.1,212.05,209.75,3126006
2020-01-15,209.0,212.9,206.65,209.3,212.05,3359831
2020-01-14,212.2,212.45,208.8,211.5,209.3,3725008
2020-01-13,212.6,214.8,210.65,211.75,211.5,2628821
2020-01-10,208.55,214.0,206.8,207.95,211.75,5362463
2020-01-09,203.9,209.3,203.85,201.65,207.95,5537880
2020-01-08,196.0,204.6,195.65,199.0,201.65,4943334
2020-01-07,198.1,202.55,196.7,196.9,199.0,3557312
2020-01-06,202.85,202.85,196.35,203.4,196.9,2119702
2020-01-03,204.95,205.8,202.25,205.35,203.4,2007973
2020-01-02,197.35,206.4,197.2,197.0,205.35,8633553
2020-01-01,197.2,197.75,195.8,196.25,197.0,1459556
2019-11-08,203.2,204.9,200.0,203.2,202.25,2181870
2019-11-07,203.5,205.0,201.75,202.25,203.2,2560585
2019-11-06,201.95,203.75,199.9,201.55,202.25,1636076
2019-11-05,203.85,204.35,200.5,203.35,201.55,2190913
2019-11-04,203.0,206.7,202.15,201.6,203.35,4243318
2019-11-01,203.0,204.0,199.8,202.3,201.6,2770430
2019-10-31,202.0,203.0,199.2,200.6,202.3,2177954
2019-10-30,199.8,203.7,199.65,199.2,200.6,2471767
2019-10-29,197.9,200.0,196.9,197.55,199.2,2409517
2019-10-27,197.65,198.9,197.0,197.45,197.55,178702
2019-10-25,198.2,199.1,195.3,197.65,197.45,2875494
2019-10-24,198.0,199.45,194.5,196.8,197.65,3930744
2019-10-23,196.0,197.8,193.1,195.9,196.8,2890392
2019-10-22,205.0,205.4,192.5,207.65,195.9,9355044
2019-10-18,208.05,209.8,206.2,206.9,207.65,3446793
2019-10-17,203.0,208.2,202.05,202.7,206.9,3304474
2019-10-16,199.2,203.1,198.7,196.95,202.7,3790120
2019-10-15,194.9,198.5,194.0,194.05,196.95,2661814
2019-10-14,189.85,195.3,188.75,189.2,194.05,2856315
2019-10-11,189.15,190.75,186.85,188.0,189.2,2290001
2019-10-10,191.3,191.7,186.85,192.35,188.0,1878899
2019-10-09,185.5,193.35,184.1,185.95,192.35,3360027
2019-10-07,190.7,190.75,185.25,189.65,185.95,2614126
2019-10-04,197.5,198.2,188.85,196.35,189.65,2548653
2019-10-03,198.4,201.25,193.75,199.85,196.35,2884359
2019-10-01,204.4,205.65,193.7,203.95,199.85,3940452
2019-09-30,207.0,207.0,202.5,207.05,203.95,2199055
2019-09-27,210.1,210.6,205.85,210.5,207.05,1996223
2019-09-26,210.35,213.8,207.6,210.1,210.5,3991305
2019-09-25,214.95,215.7,207.3,215.75,210.1,3960724
2019-09-24,219.45,219.45,212.7,220.55,215.75,2701974
2019-09-23,216.2,225.0,216.2,215.2,220.55,5258243
2019-09-20,192.2,217.35,191.25,191.8,215.2,8240226
2019-09-19,195.5,196.5,190.25,195.8,191.8,2032982
2019-09-18,195.0,196.7,194.1,194.35,195.8,2266964
2019-09-17,200.85,201.2,193.5,201.45,194.35,2829653
2019-09-16,199.5,203.9,197.35,201.0,201.45,2090311
2019-09-13,196.0,202.15,193.9,195.75,201.0,2245097
2019-09-12,197.5,200.2,195.1,197.35,195.75,2256605
2019-09-11,195.75,198.35,195.75,195.5,197.35,1746891
2019-09-09,195.0,197.8,193.65,194.7,195.5,1534947
2019-09-06,193.6,196.7,193.3,193.2,194.7,1565369
2019-09-05,192.55,193.8,190.4,190.9,193.2,2928347
2019-09-04,193.0,193.0,188.45,193.35,190.9,5847593
2019-09-03,200.0,200.65,192.3,202.35,193.35,5785632
2019-08-30,201.0,202.95,199.15,200.05,202.35,3324682
2019-08-29,203.55,205.15,199.4,205.0,200.05,3138802
2019-08-28,205.0,207.5,202.75,205.1,205.0,1674581
2019-08-27,203.5,207.7,202.85,202.65,205.1,2434000
2019-08-26,202.4,203.35,194.6,197.3,202.65,3332737
2019-08-23,196.6,199.7,196.05,197.55,197.3,5629349
2019-08-22,200.8,200.9,196.5,201.1,197.55,2970844
2019-08-21,206.0,206.75,200.5,205.85,201.1,2235406
2019-08-20,212.1,212.5,205.15,212.0,205.85,1823430
2019-08-19,214.4,216.6,211.3,213.9,212.0,1881382
2019-08-16,213.9,214.95,209.65,214.0,213.9,2152191
2019-08-14,208.45,215.2,208.45,208.4,214.0,3676384
2019-08-13,212.95,213.75,207.2,212.95,208.4,5125593
2019-08-09,208.0,214.9,208.0,206.3,212.95,5559737
2019-08-08,204.9,211.45,203.85,204.9,206.3,5105516
2019-08-07,202.3,206.25,201.45,201.85,204.9,6120163
2019-08-06,195.3,203.3,195.3,197.25,201.85,4770543
2019-08-05,197.6,199.5,194.85,199.5,197.25,2295191
2019-08-02,194.7,202.15,194.25,196.8,199.5,3109814
2019-08-01,201.7,201.95,194.1,201.9,196.8,4009344
2019-07-31,201.6,202.95,197.8,202.1,201.9,4384931
2019-07-30,205.9,208.0,201.1,205.15,202.1,2875238
2019-07-29,213.5,213.9,204.1,213.45,205.15,3642296
2019-07-26,215.3,215.6,209.1,214.05,213.45,4479103
2019-07-25,216.1,220.0,211.0,215.7,214.05,4148175
2019-07-24,217.5,218.95,213.45,217.65,215.7,1690968
2019-07-23,216.2,219.15,215.15,215.8,217.65,3846881
2019-07-22,213.5,216.7,210.55,214.0,215.8,2095341
2019-07-19,222.0,223.8,212.05,216.95,214.0,7523729
2019-07-18,219.0,221.2,215.1,219.25,216.95,3614814
2019-07-17,220.0,221.7,216.8,219.9,219.25,2325693
2019-07-16,219.75,220.75,216.55,219.6,219.9,3230318
2019-07-15,215.0,219.9,211.2,214.2,219.6,2672310
2019-07-12,213.3,216.25,212.5,211.7,214.2,2316539
2019-07-11,209.65,212.8,209.55,208.85,211.7,874940
2019-07-10,211.8,211.95,207.9,211.1,208.85,1424627
2019-07-09,205.75,211.9,203.75,205.4,211.1,2289398
2019-07-08,209.85,209.85,203.8,210.2,205.4,2756090
2019-07-05,217.3,218.95,209.4,216.1,210.2,2278543
2019-07-04,215.4,217.5,214.5,214.95,216.1,2031484
2019-07-03,215.0,215.75,213.1,214.95,214.95,1379872
2019-07-02,213.8,215.0,213.35,212.95,214.95,1735201
2019-07-01,214.45,216.0,211.5,212.85,212.95,2294542
2019-06-27,218.5,219.9,216.6,219.35,218.45,2614407
2019-06-26,215.0,219.9,214.5,215.15,219.35,2806007
2019-06-25,214.35,216.0,211.3,215.0,215.15,2274581
2019-06-24,213.1,216.9,212.5,212.85,215.0,2639044
2019-06-21,213.7,215.2,211.9,213.7,212.85,4181731
2019-06-20,207.2,214.3,204.8,206.45,213.7,1857056
2019-06-19,211.25,212.45,205.3,210.0,206.45,3145947
2019-06-18,205.7,210.9,205.7,205.6,210.0,1935444
2019-06-17,215.4,215.4,204.8,214.2,205.6,3979462
2019-06-14,220.0,220.8,213.25,220.45,214.2,1998514
2019-06-13,220.95,222.0,216.15,220.55,220.45,1941299
2019-06-12,219.55,222.8,219.55,223.25,220.55,1890005
2019-06-11,224.0,224.9,221.55,223.1,223.25,1805276
2019-06-10,222.45,225.0,221.75,222.25,223.1,2438810
2019-06-07,222.5,226.95,220.9,221.75,222.25,2565750
2019-06-06,228.75,228.75,220.0,226.95,221.75,4193682
2019-06-04,235.25,237.85,226.3,237.15,226.95,3043423
2019-06-03,232.9,237.8,229.4,230.6,237.15,2560455
2019-05-31,234.95,235.0,228.0,233.0,230.6,2038520
2019-05-30,233.9,235.25,232.1,233.85,233.0,2792300
2019-05-29,238.2,238.4,233.15,238.4,233.85,1736796
2019-05-28,238.0,240.25,235.7,239.15,238.4,5089113
2019-05-27,233.0,239.9,231.15,231.65,239.15,2276077
2019-05-23,224.35,230.8,221.6,220.55,222.55,5029385
2019-05-22,220.5,223.1,218.7,220.45,220.55,1891609
2019-05-21,225.1,227.05,219.15,224.2,220.45,3868084
2019-05-20,224.0,228.85,220.0,219.0,224.2,6025899
2019-05-17,214.45,220.0,213.2,215.25,219.0,3107238
2019-05-16,208.6,216.95,208.2,209.75,215.25,2642018
2019-05-15,213.15,213.95,208.75,213.1,209.75,3417094
2019-05-14,209.9,214.95,208.05,210.0,213.1,1809112
2019-05-13,214.1,215.7,208.95,214.75,210.0,1616073
2019-05-10,213.95,215.9,213.1,213.95,214.75,1105200
2019-05-09,212.5,214.75,210.55,213.35,213.95,1599486
2019-05-08,218.25,219.1,212.4,218.2,213.35,3350658
2019-05-07,221.25,222.45,217.5,219.7,218.2,1610407
2019-05-06,220.25,221.25,218.05,221.7,219.7,1376657
2019-05-03,221.5,223.3,220.15,221.05,221.7,1515314
2019-05-02,219.5,225.95,218.05,220.5,221.05,5897979
2019-04-30,227.0,227.7,217.6,226.0,220.5,9288005
2019-04-26,223.0,226.55,221.75,220.55,226.0,2114460
2019-04-25,222.35,229.85,219.5,224.1,220.55,7167694
2019-04-24,223.0,226.35,216.05,226.8,224.1,6235599
2019-04-23,226.45,228.85,225.6,226.1,226.8,965185
2019-04-22,231.5,232.1,225.1,233.4,226.1,1348195
2019-04-18,232.0,235.25,230.0,232.0,233.4,2742711
2019-04-16,228.4,233.0,227.65,227.45,232.0,4568324
2019-04-15,230.2,230.35,226.9,229.15,227.45,2875556
2019-04-12,227.1,230.9,226.7,227.2,229.15,2171386
2019-04-11,224.05,228.8,222.6,223.9,227.2,1907836
2019-04-10,226.5,227.65,223.05,227.15,223.9,1489964
2019-04-09,225.6,227.95,221.8,225.6,227.15,2110961
2019-04-08,227.75,228.9,224.45,224.0,225.6,3693810
2019-04-05,224.7,227.9,222.55,222.6,224.0,8983871
2019-04-04,226.75,229.35,222.05,226.75,222.6,11011371
2019-04-03,231.0,235.9,225.95,229.95,226.75,4591977
2019-04-02,235.0,236.5,228.8,234.55,229.95,3626882
2019-04-01,237.0,244.0,233.45,235.3,234.55,5454846
2019-03-29,234.9,236.2,230.4,231.85,235.3,4810352
2019-03-28,232.3,234.9,227.5,232.25,231.85,5196003
2019-03-27,233.0,238.25,230.4,231.4,232.25,4639012
2019-03-26,228.45,232.2,228.4,229.35,231.4,2582780
2019-03-25,229.0,232.2,226.3,229.85,229.35,2495275
2019-03-22,228.75,233.4,227.4,227.45,229.85,2103761
2019-03-20,230.9,230.95,226.8,229.85,227.45,1640049
2019-03-19,226.55,231.35,226.55,226.45,229.85,1620753
2019-03-18,226.9,229.55,225.0,225.35,226.45,1524697
2019-03-15,223.9,229.5,223.55,224.15,225.35,3226639
2019-03-14,230.0,232.95,223.65,229.8,224.15,2916976
2019-03-13,234.0,235.6,228.6,233.15,229.8,3736991
2019-03-12,233.75,237.1,232.35,233.3,233.15,6903177
2019-03-11,226.75,234.7,226.45,226.15,233.3,4030315
2019-03-08,221.3,227.1,220.55,221.2,226.15,2803088
2019-03-07,221.5,224.9,219.15,220.25,221.2,6193867
2019-03-06,222.9,226.4,219.55,222.0,220.25,4240764
2019-03-05,218.0,223.35,217.65,217.45,222.0,2838170
2019-03-01,212.95,219.3,212.75,212.05,217.45,1389426
2019-02-28,215.25,216.4,210.7,213.95,212.05,5667560
2019-02-27,212.1,219.3,209.15,212.35,213.95,2325569
2019-02-26,208.25,213.0,207.4,210.1,212.35,1651331
2019-02-25,211.85,212.45,209.0,210.95,210.1,1323218
2019-02-22,209.95,211.45,208.15,209.6,210.95,1375220
2019-02-21,206.9,210.5,205.5,206.8,209.6,2197983
2019-02-20,199.6,207.8,199.6,199.6,206.8,3528149
2019-02-18,204.05,204.8,196.6,204.8,198.0,4557434
2019-02-15,203.7,205.95,200.5,204.4,204.8,1516899
2019-02-14,205.95,207.55,203.1,205.95,204.4,1234816
2019-02-13,208.35,210.25,205.05,207.45,205.95,1736762
2019-02-12,207.55,209.0,203.75,207.6,207.45,1731437
2019-02-11,213.3,213.7,206.8,213.25,207.6,1168695
2019-02-08,215.65,217.4,212.1,214.95,213.25,1071280
2019-02-07,214.05,218.6,213.5,214.5,214.95,1560735
2019-02-06,210.3,215.55,208.65,209.25,214.5,2419386
2019-02-05,212.1,215.3,206.05,212.5,209.25,1990920
2019-02-04,212.0,213.0,207.8,212.5,212.5,816759
2019-02-01,210.8,215.35,209.6,209.9,212.5,3350137
2019-01-31,205.7,212.0,204.45,204.65,209.9,7669625
2019-01-30,201.85,205.8,198.5,200.85,204.65,1461921
2019-01-29,198.7,204.75,198.3,199.75,200.85,2643774
2019-01-28,201.0,204.35,197.9,202.35,199.75,3278879
2019-01-25,211.9,213.7,201.25,211.2,202.35,2945463
2019-01-24,213.8,213.8,208.75,212.4,211.2,1682064
2019-01-23,213.0,215.55,211.5,213.85,212.4,979376
2019-01-22,212.2,215.0,211.4,212.3,213.85,996452
2019-01-21,213.0,214.8,211.2,212.65,212.3,1028461
2019-01-18,215.7,216.0,212.2,215.25,212.65,787152
2019-01-17,218.0,218.4,214.2,216.85,215.25,934332
2019-01-16,217.0,220.0,215.7,216.75,216.85,975644
2019-01-15,215.45,217.5,214.85,214.85,216.75,1294415
2019-01-14,213.0,215.3,211.55,212.85,214.85,1231366
2019-01-11,213.85,214.15,211.5,213.15,212.85,1279076
2019-01-10,213.85,215.4,211.3,212.85,213.15,2033769
2019-01-09,219.5,219.5,211.6,218.7,212.85,2005058
2019-01-08,217.1,219.65,215.2,218.0,218.7,1678459
2019-01-07,218.5,220.25,216.4,216.55,218.0,1280088
2019-01-04,214.5,216.95,211.2,213.85,216.55,2344100
2019-01-03,219.0,220.9,213.15,218.95,213.85,1612955
2019-01-02,222.9,223.8,218.05,222.9,218.95,1826162
2019-01-01,224.5,229.0,221.05,225.1,222.9,1594627
2018-12-31,222.0,225.85,219.6,220.95,225.1,2836456
2018-12-28,217.1,222.8,217.1,216.85,220.95,2241527
2018-12-27,217.45,222.8,216.05,221.1,216.85,1684054
2018-12-26,212.65,222.0,209.9,213.25,221.1,3303641
2018-12-24,216.0,219.6,212.55,220.7,213.25,2431010
2018-12-21,225.25,226.2,219.3,225.1,220.7,1677202
2018-12-20,225.95,229.5,223.45,227.25,225.1,2215666
2018-12-19,221.1,230.65,220.55,219.65,227.25,6142902
2018-12-18,219.25,220.95,218.0,218.75,219.65,1565567
2018-12-17,219.55,221.15,217.35,219.45,218.75,1236838
2018-12-14,223.6,224.85,218.2,218.7,219.45,5023903
2018-12-13,216.2,220.65,216.15,215.95,218.7,2819659
2018-12-12,213.0,218.6,212.65,213.1,215.95,3558108
2018-12-11,200.25,215.7,200.25,204.9,213.1,4298081
2018-12-10,209.4,209.95,204.5,212.45,204.9,1114367
2018-12-07,209.8,213.5,207.6,208.15,212.45,1040049
2018-12-06,214.7,215.55,206.85,216.65,208.15,1873533
2018-12-05,218.8,218.8,215.35,219.0,216.65,1836318
2018-12-04,220.0,223.6,217.5,220.0,219.0,1995824
2018-12-03,218.6,222.8,217.6,217.45,220.0,2823065
2018-11-30,217.6,220.9,215.7,216.8,217.45,4396332
2018-11-29,217.6,220.0,214.9,214.55,216.8,2647720
2018-11-28,216.5,217.5,213.65,215.85,214.55,1252402
2018-11-27,215.95,218.15,214.3,216.45,215.85,1843182
2018-11-26,214.2,217.0,211.65,214.65,216.45,2129029
2018-11-22,218.8,218.8,213.8,217.6,214.65,1093305
2018-11-21,216.0,218.2,214.05,215.0,217.6,1599264
2018-11-20,219.25,219.25,214.05,220.4,215.0,1207441
2018-11-19,218.0,221.65,214.95,217.25,220.4,3289421
2018-11-16,217.9,219.0,215.0,217.85,217.25,1845708
2018-11-15,211.4,219.0,208.2,211.2,217.85,3028344
2018-11-14,207.0,214.35,206.55,205.85,211.2,5341589
2018-11-13,202.95,206.4,201.4,203.35,205.85,2024625
2018-11-12,205.9,208.4,201.8,205.3,203.35,3828786
2018-11-09,207.35,207.45,204.75,205.6,205.3,1849981
2018-11-07,205.6,206.35,204.55,204.2,205.6,172463
2018-11-06,206.0,206.95,203.25,205.45,204.2,1757806
2018-11-05,203.9,206.1,202.4,204.05,205.45,2629132
2018-11-02,202.0,208.0,201.4,199.95,204.05,4174804
2018-11-01,197.6,201.0,197.2,197.15,199.95,3416848
2018-10-31,193.0,198.7,188.35,192.45,197.15,8628188
2018-10-30,193.1,197.1,192.05,193.1,192.45,3981871
2018-10-29,192.0,194.35,189.05,190.45,193.1,16772923
2018-10-26,193.65,193.65,188.5,192.55,190.45,16413375
2018-10-25,194.0,197.45,191.8,196.4,192.55,7180208
2018-10-24,202.0,204.45,192.95,200.6,196.4,14849782
2018-10-23,202.8,206.0,196.8,206.0,200.6,8424281
2018-10-22,212.05,213.45,204.7,209.2,206.0,3803442
2018-10-19,214.9,215.0,207.85,219.3,209.2,5427052
2018-10-17,223.5,227.85,217.4,221.5,219.3,5346216
2018-10-16,218.0,223.8,217.0,217.0,221.5,3761860
2018-10-15,218.8,218.9,209.6,219.6,217.0,5976849
2018-10-12,210.0,220.8,208.9,207.85,219.6,5695694
2018-10-11,204.0,208.8,200.35,209.9,207.85,3596264
2018-10-10,204.1,210.6,203.15,204.7,209.9,2655944
2018-10-09,210.0,211.95,202.45,208.1,204.7,1790998
2018-10-08,206.45,210.65,202.4,208.45,208.1,2483769
2018-10-05,213.0,214.25,207.0,213.7,208.45,3007099
2018-10-04,210.75,216.45,207.25,213.3,213.7,4756385
2018-10-03,221.5,222.2,211.0,222.7,213.3,4433444
2018-10-01,223.0,226.9,216.85,223.55,222.7,2070915
2018-09-28,226.6,230.95,221.2,227.25,223.55,4202032
2018-09-27,226.2,234.8,225.0,226.1,227.25,8039387
2018-09-26,227.65,229.2,223.45,225.65,226.1,2420982
2018-09-25,218.0,227.4,215.9,218.65,225.65,1801355
2018-09-24,223.65,228.0,216.95,225.45,218.65,1734859
2018-09-21,226.05,227.15,208.2,225.0,225.45,3464829
2018-09-19,225.0,226.4,222.0,224.4,225.0,2120702
2018-09-18,226.0,227.85,223.1,225.9,224.4,1344871
2018-09-17,228.5,231.8,225.05,229.8,225.9,1802238
2018-09-14,228.1,232.6,227.05,226.6,229.8,2588077
2018-09-12,221.0,227.55,218.85,220.2,226.6,2404591
2018-09-11,220.55,223.45,218.6,219.7,220.2,3757737
2018-09-10,226.9,228.0,219.0,227.5,219.7,2611742
2018-09-07,228.2,229.2,222.75,226.6,227.5,2406640
2018-09-06,227.05,233.05,222.75,223.2,226.6,4887812
2018-09-05,227.4,229.25,218.85,227.95,223.2,3947663
2018-09-04,230.0,239.9,225.9,240.0,227.95,3810744
2018-09-03,242.95,245.4,238.35,241.35,240.0,2393818
2018-08-31,238.0,243.4,236.6,237.9,241.35,2735230
2018-08-30,233.35,240.45,232.05,233.15,237.9,5025712
2018-08-29,237.3,238.65,232.2,236.4,233.15,1711404
2018-08-28,243.0,243.45,233.65,241.7,236.4,2900755
2018-08-27,237.0,242.55,235.1,236.7,241.7,2145678
2018-08-24,236.5,241.25,235.1,237.25,236.7,1731653
2018-08-23,240.0,241.95,235.1,239.35,237.25,2837007
2018-08-21,231.0,241.4,230.4,229.75,239.35,6380758
2018-08-20,229.3,233.0,227.5,228.65,229.75,1591893
2018-08-17,226.25,229.65,225.1,224.5,228.65,1721617
2018-08-16,225.0,226.1,222.5,226.35,224.5,1030961
2018-08-14,222.0,227.5,221.5,220.9,226.35,1810299
2018-08-13,225.0,225.0,220.2,227.7,220.9,1728996
2018-08-10,233.05,233.2,224.0,232.4,227.7,1723589
2018-08-09,231.9,233.15,229.9,230.95,232.4,1211459
2018-08-08,229.7,233.25,226.7,230.1,230.95,2470588
2018-08-07,230.0,233.05,228.05,228.5,230.1,4307531
2018-08-06,226.7,229.95,222.35,226.1,228.5,1628672
2018-08-03,229.0,230.55,224.85,228.8,226.1,1909383
2018-08-02,233.0,233.6,228.05,234.0,228.8,1820808
2018-08-01,229.5,235.5,228.85,230.7,234.0,6542652
2018-07-31,226.0,231.7,224.15,227.0,230.7,2919886
2018-07-30,225.5,228.45,222.95,225.1,227.0,2775674
2018-07-27,223.25,227.5,222.65,223.5,225.1,4962191
2018-07-26,214.0,225.75,214.0,208.45,223.5,18529989
2018-07-25,214.25,216.8,206.6,212.65,208.45,7567233
2018-07-24,202.5,216.8,202.5,198.0,212.65,11675077
2018-07-23,194.8,200.65,194.15,194.3,198.0,3302774
2018-07-20,193.4,195.45,191.7,193.35,194.3,1105960
2018-07-19,195.45,196.0,191.4,195.65,193.35,1596782
2018-07-18,196.45,198.6,192.95,195.6,195.65,1675322
2018-07-17,191.0,195.9,189.0,190.55,195.6,1248112
2018-07-16,196.55,197.95,189.55,196.9,190.55,1994603
2018-07-13,202.9,203.5,196.3,201.7,196.9,2220084
2018-07-12,203.0,206.2,201.25,202.55,201.7,4308979
2018-07-11,204.6,205.1,201.2,204.35,202.55,2524353
2018-07-10,208.9,208.9,203.55,206.15,204.35,3550279
2018-07-09,209.05,210.0,205.4,207.55,206.15,2007632
2018-07-06,207.75,212.3,206.7,207.45,207.55,3029745
2018-07-05,201.8,208.85,201.5,201.0,207.45,4657759
2018-07-04,201.4,204.3,199.7,200.9,201.0,2262034
2018-07-03,200.35,202.3,197.85,199.9,200.9,4134828
2018-07-02,207.8,207.95,198.25,207.45,199.9,3041228
2018-06-29,201.9,208.0,201.7,200.9,207.45,3749070
2018-06-28,205.55,208.25,200.1,205.3,200.9,3785931
2018-06-27,213.4,213.4,204.05,211.95,205.3,3049747
2018-06-26,207.0,215.15,206.65,206.8,211.95,7976623
2018-06-25,205.0,209.0,204.8,204.95,206.8,3363586
2018-06-22,197.1,206.0,195.65,197.0,204.95,3167408
2018-06-21,198.0,198.25,195.55,197.75,197.0,2532830
2018-06-20,200.95,201.8,196.55,200.25,197.75,1716864
2018-06-19,202.25,203.25,198.85,202.9,200.25,1605387
2018-06-18,204.5,205.9,202.5,204.95,202.9,803881
2018-06-15,204.5,207.65,202.0,206.05,204.95,6832521
2018-06-14,210.7,210.7,204.8,210.0,206.05,4024884
2018-06-13,207.0,211.6,206.2,206.9,210.0,4884946
2018-06-12,205.9,207.5,204.95,206.05,206.9,2857333
2018-06-11,206.95,210.6,205.15,206.0,206.05,4756149
2018-06-08,205.3,207.6,204.75,206.0,206.0,2601050
2018-06-07,205.0,207.3,204.75,204.15,206.0,4036226
2018-06-06,201.5,206.8,200.45,202.05,204.15,2884900
2018-06-05,201.0,203.25,199.1,201.45,202.05,2631652
2018-06-04,204.5,205.45,200.35,203.55,201.45,6313873
2018-06-01,205.45,209.25,202.7,205.4,203.55,2911603
2018-05-31,207.2,209.0,204.6,206.2,205.4,6571778
2018-05-30,207.55,210.4,205.7,208.3,206.2,1963564
2018-05-29,212.4,214.0,207.85,212.1,208.3,1459474
2018-05-28,211.9,214.45,211.55,211.6,212.1,1181241
2018-05-25,213.5,214.5,209.55,212.8,211.6,1499518
2018-05-24,209.0,214.25,204.25,207.5,212.8,2792312
2018-05-23,207.55,209.1,206.5,208.0,207.5,1418518
2018-05-22,208.5,210.3,206.35,208.05,208.0,1483612
2018-05-21,210.45,212.8,204.25,210.45,208.05,1715130
2018-05-18,217.8,217.8,209.2,217.65,210.45,1556445
2018-05-17,212.0,220.7,212.0,211.8,217.65,3620351
2018-05-16,213.1,214.4,210.0,214.1,211.8,2481091
2018-05-15,217.7,219.45,210.8,217.45,214.1,2421775
2018-05-14,217.65,219.8,215.3,217.15,217.45,1683423
2018-05-11,220.5,221.15,216.15,220.05,217.15,3917464
2018-05-10,225.15,225.8,219.0,224.65,220.05,3566843
2018-05-09,229.6,230.65,224.15,229.45,224.65,2975035
2018-05-08,235.6,236.25,228.75,235.25,229.45,2782140
2018-05-07,235.65,238.15,233.1,236.7,235.25,2213157
2018-05-04,241.05,244.7,233.4,239.95,236.7,4083676
2018-05-03,244.15,245.9,239.4,245.45,239.95,1148958
2018-05-02,250.9,251.75,244.8,250.65,245.45,1602224
2018-04-30,245.5,252.75,245.5,244.9,250.65,2454697
2018-04-27,243.0,246.0,241.8,242.5,244.9,1464396
2018-04-26,245.2,247.9,241.35,245.7,242.5,1013598
2018-04-25,247.25,249.75,243.8,247.8,245.7,1575990
2018-04-24,247.4,249.5,245.55,247.6,247.8,1321262
2018-04-23,245.4,249.0,245.25,246.6,247.6,1051719
2018-04-20,246.6,247.95,244.1,247.0,246.6,894175
2018-04-19,247.0,250.6,245.35,244.9,247.0,2315449
2018-04-18,246.25,246.95,242.75,244.85,244.9,1693395
2018-04-17,242.05,245.95,240.25,241.65,244.85,2079834
2018-04-16,236.0,242.5,235.15,236.65,241.65,1117203
2018-04-13,236.2,239.2,235.2,236.0,236.65,986965
2018-04-12,236.75,239.95,235.5,237.5,236.0,2341840
2018-04-11,234.95,238.05,233.6,235.0,237.5,1288646
2018-04-10,237.8,238.5,234.3,236.6,235.0,899391
2018-04-09,238.8,240.2,236.05,238.65,236.6,857711
2018-04-06,238.0,239.2,236.1,238.0,238.65,664865
2018-04-05,238.0,239.85,235.55,236.6,238.0,2110899
2018-04-04,240.6,244.0,236.0,240.65,236.6,1640569
2018-04-03,239.6,242.6,238.65,240.2,240.65,1586599
2018-04-02,234.1,242.0,231.55,232.95,240.2,2609084
2018-03-28,230.2,236.9,228.25,231.7,232.95,17268096
2018-03-27,232.2,235.2,230.5,231.1,231.7,2987115
2018-03-26,227.35,232.85,226.95,227.2,231.1,2279430
2018-03-23,225.9,228.2,223.0,228.25,227.2,1842220
2018-03-22,230.3,232.85,227.2,229.85,228.25,3027467
2018-03-21,230.85,234.55,228.5,230.4,229.85,2202091
2018-03-20,228.5,233.95,228.5,231.15,230.4,1711628
2018-03-19,235.9,236.75,229.1,234.75,231.15,2932815
2018-03-16,242.3,243.1,234.05,242.3,234.75,3348952
2018-03-15,244.1,245.55,241.55,243.9,242.3,3060758
2018-03-14,238.9,245.0,238.55,238.8,243.9,2973976
2018-03-13,242.05,244.4,237.7,240.85,238.8,1942169
2018-03-12,237.0,242.3,232.5,235.4,240.85,1926518
2018-03-09,237.5,237.95,234.2,236.25,235.4,1257500
2018-03-08,236.0,237.5,231.55,235.2,236.25,2111425
2018-03-07,240.0,240.0,234.45,240.65,235.2,3023002
2018-03-06,247.5,249.0,239.95,246.1,240.65,2727521
2018-03-05,252.5,252.5,244.0,253.15,246.1,2291003
2018-03-01,252.9,256.25,251.35,252.35,253.15,3184053
2018-02-28,250.0,253.5,247.0,251.4,252.35,3500262
2018-02-27,258.3,260.9,249.55,262.95,251.4,10403386
2018-02-26,261.15,265.0,260.35,260.2,262.95,1668982
2018-02-23,257.1,262.0,255.6,256.9,260.2,2201036
2018-02-22,258.3,259.0,254.8,261.7,256.9,3842909
2018-02-21,268.0,268.85,260.1,263.7,261.7,6498774
2018-02-20,259.4,269.7,257.1,257.55,263.7,7529895
2018-02-19,257.5,260.85,255.1,257.05,257.55,2519233
2018-02-16,254.3,261.5,254.3,253.4,257.05,4870752
2018-02-15,254.9,257.85,251.7,254.15,253.4,1620357
2018-02-14,257.6,258.4,252.8,256.9,254.15,1060437
2018-02-12,260.2,263.1,255.65,258.9,256.9,1200752
2018-02-09,258.5,261.7,255.1,261.9,258.9,1742418
2018-02-08,247.8,266.4,245.55,248.3,261.9,4063203
2018-02-07,255.3,257.95,246.55,255.3,248.3,3906454
2018-02-06,250.05,256.4,247.5,259.1,255.3,1907347
2018-02-05,257.0,260.0,252.05,259.55,259.1,2745947
2018-02-02,264.3,265.45,257.1,266.45,259.55,3017102
2018-02-01,263.4,269.5,260.9,261.8,266.45,3355964
2018-01-31,261.7,263.3,257.15,261.5,261.8,2708846
2018-01-30,261.8,263.75,258.4,263.65,261.5,1787102
2018-01-29,263.95,266.4,260.6,263.0,263.65,1420895
2018-01-25,260.8,264.5,259.6,260.15,263.0,3313959
2018-01-24,262.95,265.5,259.35,262.7,260.15,2345935
2018-01-23,268.45,269.4,262.0,268.45,262.7,3127752
2018-01-22,269.0,269.2,265.3,268.6,268.45,1955296
2018-01-19,276.0,276.55,266.4,275.65,268.6,1942776
2018-01-18,277.5,278.0,273.55,277.15,275.65,1271915
2018-01-17,275.35,278.95,272.85,277.85,277.15,2384660
2018-01-16,278.1,280.0,275.1,276.95,277.85,2689358
2018-01-15,270.1,278.2,269.4,269.4,276.95,2520552
2018-01-12,271.1,274.4,267.7,271.75,269.4,2131954
2018-01-11,278.5,278.9,271.0,276.1,271.75,2869698
2018-01-10,278.0,278.0,273.4,277.15,276.1,1860881
2018-01-09,275.4,279.35,272.6,274.6,277.15,3305059
2018-01-08,272.25,275.4,271.35,273.9,274.6,1215089
2018-01-05,274.5,277.6,272.25,273.45,273.9,1304360
2018-01-04,271.6,274.4,270.7,272.6,273.45,2142231
2018-01-03,268.4,273.3,267.35,268.15,272.6,1906004
2018-01-02,270.0,270.3,265.1,268.05,268.15,981714
2018-01-01,271.1,273.1,264.35,272.05,268.05,1408955
